month,day,FFMC,ISI,temp,RH,wind,rain,area,damage_category,DMC_DC_combined,temp_wind_interaction,area_log
3,5,86.2,5.1,-1.955880296,0.388040514,1.70883171,-0.07964064,0,0,-1.829892643,-0.493251252,-0.767252806
10,2,90.6,6.7,-0.187529849,-0.715607182,-1.786430831,-0.07964064,0,0,0.141670242,-1.603478287,-0.767252806
10,6,90.6,6.7,-0.801039188,-0.715607182,-1.545378242,-0.07964064,0,0,0.229782898,-1.523807891,-0.767252806
3,5,91.7,9,-1.937835904,3.208473517,0.081726734,0.543262937,0,0,-1.862639492,-1.116285215,-0.767252806
3,7,89.3,9.6,-1.378459742,3.331101039,-1.244062506,-0.07964064,0,0,-1.718485836,-1.47967393,-0.767252806
8,7,92.3,14.7,0.570334628,-0.960862226,0.925410795,-0.07964064,0,0,-0.301256215,1.367826283,-0.767252806
8,1,92.3,8.5,0.913178082,-1.083489748,-0.460641591,-0.07964064,0,0,-0.26344542,0.073325633,-0.767252806
8,1,91.5,10.7,-1.991969081,2.534022147,-1.003009917,-0.07964064,0,0,0.307430066,-1.563356505,-0.767252806
9,2,91,7,-1.071705072,1.123805646,0.925410795,-0.07964064,0,0,0.53868359,-0.040448279,-0.767252806
9,6,92.5,7.1,0.678600982,-0.286410856,0.081726734,-0.07964064,0,0,0.418836873,0.545902912,-0.767252806
9,6,92.5,7.1,-0.223618634,0.388040514,2.010147446,-0.07964064,0,0,0.418836873,1.605117967,-0.767252806
9,6,92.8,22.6,0.047047251,-0.409038378,0.081726734,-0.07964064,0,0,0.417486488,0.144685088,-0.767252806
8,5,63.5,0.8,-0.367973772,1.675629494,1.70883171,-0.07964064,0,0,0.248350699,1.196448955,-0.767252806
9,1,90.9,7,0.407935098,-0.163783334,-1.003009917,-0.07964064,0,0,0.507962319,-0.724811253,-0.767252806
9,3,92.9,9.2,1.328199106,-1.451372314,0.38304247,-0.07964064,0,0,0.575143999,1.336875194,-0.767252806
9,5,93.3,13.9,0.696645375,-0.041155812,0.925410795,-0.07964064,0,0,0.650090396,1.476155095,-0.767252806
3,6,91.7,7.8,-0.710817226,-1.083489748,0.925410795,-0.07964064,0,0,-1.843058902,0.269062614,-0.767252806
10,1,84.9,3,-0.422106949,0.142785471,0.624095059,-0.07964064,0,0,0.116350513,0.277373554,-0.767252806
3,3,89.2,6.3,-0.566462088,-0.592979661,0.081726734,-0.07964064,0,0,-1.903488655,-0.245069369,-0.767252806
4,6,86.3,5.1,-1.75739198,-0.041155812,0.38304247,-0.07964064,0,0,-1.816388788,-0.868389917,-0.767252806
9,2,91,7,-0.133396672,-0.286410856,-0.70169418,-0.07964064,0,0,0.53868359,-0.651732292,-0.767252806
9,1,91.8,9.2,0.010958467,-0.409038378,-0.70169418,-0.07964064,0,0,0.473527487,-0.589830114,-0.767252806
6,7,94.3,56.1,0.353801921,-0.041155812,0.38304247,-0.07964064,0,0,-1.236398199,0.640475685,-0.767252806
8,6,90.2,6.2,0.083136036,-0.102469573,1.166463384,-0.07964064,0,0,-0.048058926,1.173522222,-0.767252806
8,6,93.5,20.3,0.841000513,-0.776920943,1.166463384,-0.07964064,0,0,0.239910789,1.871641236,-0.767252806
8,7,91.4,10.6,-0.494284518,0.939864363,0.925410795,-0.07964064,0,0,0.274345621,0.454769149,-0.767252806
9,5,92.4,12.2,-0.007085926,-0.654293421,1.166463384,-0.07964064,0,0,0.416473698,1.090412816,-0.767252806
9,1,90.9,7,0.065091644,0.204099232,-1.545378242,-0.07964064,0,0,0.507962319,-1.344979375,-0.767252806
9,6,93.4,8.1,2.013886014,-1.267431031,-0.70169418,-0.07964064,0,0,0.689589173,0.269062614,-0.767252806
9,7,93.5,8.1,0.678600982,-0.347724617,-0.159325855,-0.07964064,0,0,0.727062372,0.284538158,-0.767252806
9,5,94.3,15.9,1.147755182,-1.267431031,-0.159325855,-0.07964064,0,0,0.387778006,0.552780932,-0.767252806
9,1,88.6,7.1,-1.414548526,2.04351206,2.251200035,-0.07964064,0,0,0.469813927,0.371659743,-0.767252806
9,5,88.6,5.8,0.281624351,-0.470352139,-1.244062506,-0.07964064,0,0,0.384739638,-1.005090561,-0.767252806
9,7,91.7,7.8,-0.241663026,-0.347724617,-0.159325855,-0.07964064,0,0,0.443481409,-0.241630359,-0.767252806
9,1,91.8,9.2,0.389890705,-0.776920943,-0.70169418,-0.07964064,0,0,0.473527487,-0.427336895,-0.767252806
9,2,90.3,6.3,-0.151441064,1.062491885,0.38304247,-0.07964064,0,0,0.500872795,0.279379644,-0.767252806
10,2,90.6,6.7,0.480112667,-1.267431031,0.38304247,-0.07964064,0,0,0.141670242,0.730749695,-0.767252806
10,5,90,8.7,-1.396504134,0.939864363,0.925410795,-0.07964064,0,0,0.207839133,-0.319008082,-0.767252806
10,6,90.6,6.7,-0.223618634,-1.083489748,0.081726734,-0.07964064,0,0,0.229782898,-0.027265408,-0.767252806
3,2,88.1,3.8,-0.891261149,-0.102469573,-0.70169418,-0.07964064,0,0,-1.921718859,-0.976718729,-0.767252806
7,2,79.5,1.5,0.768822944,-0.470352139,-0.460641591,-0.07964064,0,0,-0.794146936,0.002252761,-0.767252806
8,6,90.2,8.9,-0.11535228,-0.163783334,1.70883171,-0.07964064,0,0,0.197711241,1.465264897,-0.767252806
8,2,94.8,17,-0.440151341,0.571981797,0.925410795,-0.07964064,0,0,0.313506801,0.501195783,-0.767252806
9,6,92.5,7.1,0.101180428,0.204099232,-0.70169418,-0.07964064,0,0,0.418836873,-0.551141252,-0.767252806
9,3,90.1,6.2,-1.107793857,1.798257016,0.624095059,-0.07964064,0,0,0.526867716,-0.256246151,-0.767252806
9,3,94.3,15.9,1.237977144,-1.267431031,0.081726734,-0.07964064,0,0,0.387778006,0.901267271,-0.767252806
9,1,90.9,7,-0.782994795,1.553001972,-0.159325855,-0.07964064,0,0,0.507962319,-0.551141252,-0.767252806
7,1,94.2,11,0.714689767,-0.5316659,-0.460641591,-0.07964064,0,0,-0.531159352,-0.024399566,-0.767252806
3,1,87.2,4.1,-1.306282173,-0.592979661,-1.244062506,-0.07964064,0,0,-1.93758589,-1.459039871,-0.767252806
3,1,87.6,5,-1.450637311,0.08147171,1.166463384,-0.07964064,0,0,-1.710045926,-0.239337686,-0.767252806
9,4,92.9,9.2,0.317713136,-1.696627357,-1.545378242,-0.07964064,0,0,0.610591619,-1.292821058,-0.767252806
8,7,90.2,6.3,0.444023882,-0.654293421,-1.003009917,-0.07964064,0,0,0.230458091,-0.71220155,-0.767252806
8,3,92.1,9.6,0.245535567,-0.163783334,0.624095059,-0.07964064,0,0,0.346928843,0.796950636,-0.767252806
8,4,91.7,6.3,-0.259707418,0.020157949,-0.159325855,-0.07964064,0,0,0.381701271,-0.251947389,-0.767252806
9,4,92.9,9.2,1.562776206,-1.267431031,-1.003009917,-0.07964064,0,0,0.610591619,-0.321300756,-0.767252806
9,2,90.3,6.3,-0.223618634,1.123805646,0.624095059,-0.07964064,0,0,0.500872795,0.431842417,-0.767252806
10,7,92.6,8.8,-0.945394326,0.326726753,-0.70169418,-0.07964064,0,0,0.25577782,-0.999932046,-0.767252806
2,1,84,2.1,-0.927349934,-0.286410856,0.925410795,-0.07964064,0,0,-2.090517052,0.083356078,-0.767252806
2,5,86.6,5.3,-1.216060211,0.388040514,-1.786430831,-0.07964064,0,0,-2.046967118,-1.750495961,-0.767252806
3,7,89.3,9.6,-1.360415349,-0.347724617,1.166463384,-0.07964064,0,0,-1.718485836,-0.15622828,-0.767252806
3,7,89.3,9.6,-2.443078888,0.878550602,1.467779121,-0.07964064,0,0,-1.718485836,-1.074730512,-0.767252806
8,4,93,7.7,-0.04317471,-0.592979661,0.624095059,-0.07964064,0,0,-0.407261479,0.572268655,-0.767252806
8,7,90.2,6.3,0.317713136,-0.715607182,-0.70169418,-0.07964064,0,0,0.230458091,-0.458287984,-0.767252806
8,1,91.1,5.8,0.732734159,-0.838234704,-0.460641591,-0.07964064,0,0,0.268268886,-0.015515457,-0.767252806
8,4,91.7,6.3,-0.079263495,-0.041155812,0.38304247,-0.07964064,0,0,0.381701271,0.330964792,-0.767252806
9,5,92.4,12.2,0.714689767,-0.470352139,0.38304247,-0.07964064,0,0,0.416473698,0.898401429,-0.767252806
9,5,92.4,12.2,0.101180428,-0.715607182,0.925410795,-0.07964064,0,0,0.416473698,0.965462122,-0.767252806
9,5,92.4,12.2,0.101180428,-0.715607182,1.467779121,-0.07964064,0,0,0.416473698,1.47099658,-0.767252806
3,5,91.7,9,-0.331884987,-1.144803509,0.38304247,-0.07964064,0,0,-1.862639492,0.150416772,-0.767252806
3,5,91.2,12.5,-0.58450648,-1.083489748,2.251200035,-0.07964064,0,0,-1.743467969,1.373557966,-0.767252806
9,5,94.3,15.9,-0.241663026,-0.470352139,-0.159325855,-0.07964064,0,0,0.387778006,-0.241630359,-0.767252806
3,5,91.7,9,-0.620595264,-1.20611727,1.467779121,-0.07964064,0,0,-1.862639492,0.748804497,-0.767252806
8,2,88.8,9,-0.313840595,-0.102469573,0.38304247,-0.07964064,0,0,0.33511297,0.163313059,-0.767252806
9,5,93.3,13.9,1.544731813,-0.899548465,-1.545378242,-0.07964064,0,0,0.650090396,-1.03948066,-0.767252806
2,4,84.2,7.7,-2.226546181,2.10482582,-0.460641591,-0.07964064,0,0,-2.123939094,-1.472509326,-0.767252806
2,5,86.6,5.3,-0.602550872,-0.102469573,-0.460641591,-0.07964064,0,0,-2.046967118,-0.67293952,-0.767252806
3,1,87.6,5,-1.937835904,1.675629494,-0.460641591,-0.07964064,0,0,-1.710045926,-1.330363583,-0.767252806
8,5,90.1,12.5,-0.782994795,1.307746928,-0.70169418,-0.07964064,0,0,-0.083506547,-0.930292095,-0.767252806
8,2,91,7,0.462068274,-1.573999835,1.70883171,-0.07964064,0,0,0.068411826,2.079701336,-0.767252806
8,7,91.4,10.6,0.083136036,-0.347724617,1.467779121,-0.07964064,0,0,0.274345621,1.452941778,-0.767252806
8,7,90.2,6.3,-0.205574241,-0.041155812,-1.003009917,-0.07964064,0,0,0.230458091,-0.939176204,-0.767252806
8,2,94.8,17,-0.079263495,0.388040514,0.38304247,-0.07964064,0,0,0.313506801,0.330964792,-0.767252806
8,3,92.1,9.6,-0.440151341,0.142785471,-1.786430831,-0.07964064,0,0,0.346928843,-1.639587891,-0.767252806
8,4,91.7,6.3,0.209446782,0.020157949,-0.159325855,-0.07964064,0,0,0.381701271,0.016295385,-0.767252806
9,4,92.9,9.2,0.444023882,-1.819254879,-1.786430831,-0.07964064,0,0,0.610591619,-1.513204277,-0.767252806
9,4,92.9,9.2,1.147755182,-1.083489748,-1.003009917,-0.07964064,0,0,0.610591619,-0.466312341,-0.767252806
9,4,92.9,9.2,0.606423413,-0.654293421,-1.003009917,-0.07964064,0,0,0.610591619,-0.655457886,-0.767252806
9,7,93.5,8.1,1.12971079,-0.5316659,-0.159325855,-0.07964064,0,0,0.727062372,0.542463902,-0.767252806
3,6,91.7,7.8,-0.295796203,-1.20611727,0.624095059,-0.07964064,0,0,-1.843058902,0.375671921,-0.767252806
8,6,90.2,8.9,-0.782994795,0.878550602,1.166463384,-0.07964064,0,0,0.197711241,0.375671921,-0.767252806
3,5,91.7,7.8,-0.295796203,-1.267431031,0.925410795,-0.07964064,0,0,-1.843058902,0.62500014,-0.767252806
8,7,92.3,14.7,0.317713136,-0.776920943,1.467779121,-0.07964064,0,0,-0.301256215,1.687654205,-0.767252806
8,7,91.4,10.6,-0.151441064,-0.102469573,0.624095059,-0.07964064,0,0,0.274345621,0.488012912,-0.767252806
8,1,91.1,5.8,0.786867336,-1.390058553,-0.70169418,-0.07964064,0,0,0.268268886,-0.257105904,-0.767252806
9,7,89.7,4.8,-0.223618634,1.185119406,-1.545378242,-0.07964064,0,0,0.445169391,-1.40458888,-0.767252806
2,6,83.9,2.6,-1.143882642,0.204099232,-1.244062506,-0.07964064,0,0,-2.107734467,-1.412613237,-0.767252806
3,6,69,0.7,-0.295796203,-1.267431031,0.925410795,-0.07964064,0,0,-2.176266533,0.62500014,-0.767252806
8,7,91.4,10.6,-1.342370957,2.595335908,0.38304247,-0.07964064,0,0,0.274345621,-0.571775311,-0.767252806
8,7,91.4,10.6,0.137269213,-0.347724617,0.925410795,-0.07964064,0,0,0.274345621,0.996413212,-0.767252806
8,2,88.8,9,-0.837127972,1.307746928,0.925410795,-0.07964064,0,0,0.33511297,0.160733801,-0.767252806
8,2,94.8,17,0.19140239,-0.286410856,0.081726734,-0.07964064,0,0,0.313506801,0.23639202,-0.767252806
9,6,92.5,8.6,0.913178082,-0.960862226,0.38304247,-0.07964064,0,0,0.448882951,1.040260588,-0.767252806
1,6,82.1,2.9,-2.479167673,2.04351206,-0.460641591,-0.07964064,0,0,-2.192808756,-1.596886851,-0.767252806
3,5,85.9,2.8,-1.143882642,0.449354275,1.467779121,-0.07964064,0,0,-1.977422263,0.225215237,-0.767252806
3,4,91.4,7.5,-0.151441064,-0.960862226,-0.460641591,-0.07964064,0,0,-1.882220082,-0.450836796,-0.767252806
8,7,90.2,6.3,0.42597949,-0.715607182,-0.460641591,-0.07964064,0,0,0.230458091,-0.166545309,-0.767252806
9,6,92.5,7.1,0.227491174,0.020157949,-0.460641591,-0.07964064,0,0,0.418836873,-0.264270508,-0.767252806
9,1,88.6,7.1,-0.295796203,0.694609319,0.925410795,-0.07964064,0,0,0.469813927,0.62500014,-0.767252806
3,5,85.9,2.8,-0.963438719,-0.102469573,1.166463384,-0.07964064,0,0,-1.977422263,0.209453108,-0.767252806
3,5,91.7,9,-0.04317471,-1.635313596,0.38304247,-0.07964064,0,0,-1.862639492,0.356757367,-0.767252806
9,7,89.7,4.8,0.678600982,-0.347724617,-0.159325855,-0.07964064,0,0,0.445169391,0.284538158,-0.767252806
9,1,91.8,9.2,-0.025130318,-0.592979661,-0.70169418,-0.07964064,0,0,0.473527487,-0.605305658,-0.767252806
3,2,88.1,3.8,-0.58450648,-1.083489748,2.251200035,-0.07964064,0,0,-1.921718859,1.373557966,-0.767252806
3,2,88.1,3.8,-0.638639657,-1.083489748,1.467779121,-0.07964064,0,0,-1.921718859,0.730749695,-0.767252806
3,6,91.7,7.8,-1.342370957,-0.899548465,1.467779121,-0.07964064,0,0,-1.843058902,0.026612414,-0.767252806
3,6,91.7,7.8,-0.692772834,-1.083489748,0.624095059,-0.07964064,0,0,-1.843058902,0.066734197,-0.767252806
3,1,90.1,6.2,-1.52281488,-0.899548465,0.081726734,-0.07964064,0,0,-1.810312053,-0.852627788,-0.767252806
8,4,93,7.7,0.101180428,-0.5316659,-0.460641591,-0.07964064,0,0,-0.407261479,-0.326459271,-0.767252806
8,1,91.5,10.7,-1.576948057,1.798257016,-1.003009917,-0.07964064,0,0,0.307430066,-1.41834492,-0.767252806
8,1,91.5,10.7,-0.34992938,-0.102469573,0.925410795,-0.07964064,0,0,0.307430066,0.578573506,-0.767252806
9,7,92.4,8.5,0.624467805,-0.163783334,0.925410795,-0.07964064,0,0,0.480279415,1.414252917,-0.767252806
9,2,84.4,3.2,-0.205574241,0.020157949,-0.460641591,-0.07964064,0,0,0.279409566,-0.477489123,-0.767252806
9,5,94.3,15.9,0.137269213,0.326726753,0.925410795,-0.07964064,0,0,0.387778006,0.996413212,-0.767252806
10,7,92.6,8.8,0.281624351,-1.267431031,0.925410795,-0.07964064,0,0,0.25577782,1.120217569,-0.767252806
3,1,87.6,5,-1.811525157,0.265412993,-1.003009917,-0.07964064,0,0,-1.710045926,-1.50030799,-0.767252806
9,5,93.5,8.1,-0.331884987,-0.102469573,-0.460641591,-0.07964064,0,0,0.727062372,-0.539677886,-0.767252806
10,3,91.4,5.2,-0.566462088,0.08147171,-0.159325855,-0.07964064,0,0,0.165977181,-0.427336895,-0.767252806
10,7,92.6,8.8,-0.656684049,-0.592979661,-1.786430831,-0.07964064,0,0,0.25577782,-1.670538981,-0.767252806
2,6,68.2,0.8,-0.656684049,-0.286410856,-0.70169418,-0.07964064,0,0,-1.869729016,-0.876127689,-0.767252806
3,1,87.2,4.1,-0.909305542,-0.347724617,-0.460641591,-0.07964064,0,0,-1.93758589,-0.823969372,-0.767252806
3,7,89.3,9.6,-1.52281488,0.08147171,0.624095059,-0.07964064,0,0,-1.718485836,-0.5792265,-0.767252806
9,4,93.7,17.9,-0.259707418,-0.163783334,-0.460641591,-0.07964064,0,0,0.349629614,-0.50414145,-0.767252806
3,2,88.1,3.8,-0.746906011,-0.409038378,-0.70169418,-0.07964064,0,0,-1.921718859,-0.914816551,-0.767252806
8,6,93.5,20.3,-0.259707418,0.449354275,1.166463384,-0.07964064,0,0,0.239910789,0.857706478,-0.767252806
9,7,92.4,8.5,-0.331884987,0.817236841,-1.545378242,-0.07964064,0,0,0.480279415,-1.426942445,-0.767252806
9,1,90.9,7,-0.620595264,1.307746928,-0.460641591,-0.07964064,0,0,0.507962319,-0.681823629,-0.767252806
7,2,85.8,3.9,-0.187529849,-0.163783334,-0.70169418,-0.07964064,0.36,0.0225,-1.015610164,-0.674945609,-0.427336436
9,2,91,7,0.480112667,-0.409038378,-1.003009917,-0.07964064,0.43,0.026875,0.53868359,-0.699591847,-0.371852974
9,1,90.9,7,0.516201451,-0.347724617,-1.244062506,-0.07964064,0.47,0.029375,0.507962319,-0.938029868,-0.341355203
8,3,95.5,13.2,0.768822944,-0.838234704,0.38304247,-0.07964064,0.55,0.034375,-0.166555257,0.937090291,-0.282773333
7,6,90,8.7,-0.440151341,0.510668036,0.925410795,-0.07964064,0.71,0.044375,-1.063211254,0.501195783,-0.174173283
8,3,95.5,13.2,0.859044905,-0.776920943,0.925410795,-0.07964064,0.77,0.048125,-0.166555257,1.615434997,-0.136049709
8,4,95.2,10.4,1.508643029,-1.390058553,0.081726734,-0.07964064,0.9,0.05625,0.161926025,1.073217766,-0.057699963
3,1,90.1,6.2,-1.05366068,-0.286410856,0.925410795,-0.07964064,0.95,0.059375,-1.810312053,-0.024972734,-0.028984735
9,2,84.4,3.2,0.931222475,-1.022175987,-0.159325855,-0.07964064,0.96,0.06,0.279409566,0.428976575,-0.023330124
8,2,94.8,17,-0.295796203,-0.102469573,1.70883171,-0.07964064,1.07,0.066875,0.313506801,1.27325351,0.037033332
9,4,93.7,17.9,0.841000513,-1.20611727,0.38304247,-0.07964064,1.12,0.07,0.349629614,0.988675439,0.063418214
6,5,92.5,7.1,0.750778552,-0.347724617,0.925410795,-0.07964064,1.19,0.074375,-0.583486792,1.522581729,0.099330043
7,7,90.1,7.2,1.039488829,-0.960862226,-1.003009917,-0.07964064,1.36,0.085,-0.805962809,-0.50414145,0.18197537
7,6,90.1,6.2,1.003400044,-0.102469573,-1.244062506,-0.07964064,1.43,0.089375,-0.632100671,-0.798749966,0.214287978
9,5,94.3,15.9,0.19140239,0.142785471,0.624095059,-0.07964064,1.46,0.09125,0.387778006,0.754822765,0.227852247
9,6,93.4,8.1,1.90561966,-1.083489748,-0.70169418,-0.07964064,1.46,0.09125,0.689589173,0.22263598,0.227852247
8,7,94.8,17,-0.476240126,0.142785471,-1.545378242,-0.07964064,1.56,0.0975,0.313506801,-1.456747197,0.271900867
9,6,93.4,8.1,1.725175737,-1.083489748,-1.003009917,-0.07964064,1.61,0.100625,0.689589173,-0.264557092,0.293284011
8,3,92.1,9.6,-0.11535228,0.020157949,-0.159325855,-0.07964064,1.63,0.101875,0.346928843,-0.169411151,0.301722786
8,3,92.1,9.6,0.263579959,-0.592979661,0.081726734,-0.07964064,1.64,0.1025,0.346928843,0.282245485,0.305918138
9,5,92.4,12.2,-0.007085926,-0.654293421,1.166463384,-0.07964064,1.69,0.105625,0.416473698,1.090412816,0.326659349
3,1,90.1,6.2,-0.530373303,-0.960862226,-0.460641591,-0.07964064,1.75,0.109375,-1.810312053,-0.637403084,0.351045796
8,4,95.2,10.4,0.227491174,-0.225097095,0.081726734,-0.07964064,1.9,0.11875,0.161926025,0.259318752,0.409757332
9,6,92.5,8.6,-0.223618634,0.694609319,-1.244062506,-0.07964064,1.95,0.121875,0.448882951,-1.149528978,0.428654785
9,7,89.7,4.8,-0.223618634,1.369060689,-1.003009917,-0.07964064,2.01,0.125625,0.445169391,-0.945481056,0.450913405
3,4,84.9,3,-2.479167673,1.553001972,0.38304247,-0.07964064,2.14,0.13375,-1.989575733,-1.384241405,0.497655857
8,3,92.1,9.6,-0.440151341,0.142785471,-1.786430831,-0.07964064,2.29,0.143125,0.346928843,-1.639587891,0.549242546
8,3,96,16.5,0.786867336,-0.715607182,0.38304247,-0.07964064,2.51,0.156875,0.118376091,0.949986578,0.620798196
8,4,95.2,10.4,0.299668744,0.020157949,-1.003009917,-0.07964064,2.55,0.159375,0.161926025,-0.762640362,0.633324949
9,3,92.9,9.2,0.516201451,-0.592979661,-1.244062506,-0.07964064,2.57,0.160625,0.575143999,-0.938029868,0.639535494
8,3,85.6,6.6,-0.295796203,0.326726753,0.081726734,-0.07964064,2.69,0.168125,0.126478404,-0.073118873,0.67608342
8,7,91.4,10.6,0.19140239,-0.347724617,0.925410795,-0.07964064,2.74,0.17125,0.274345621,1.042839846,0.690962166
9,1,90.9,7,-0.241663026,-0.347724617,-1.003009917,-0.07964064,3.07,0.191875,0.507962319,-0.951785907,0.784438168
8,6,90.2,8.9,-0.873216757,0.510668036,-1.244062506,-0.07964064,3.5,0.21875,0.197711241,-1.335235513,0.895465792
8,6,90.2,8.9,0.227491174,-0.347724617,0.624095059,-0.07964064,4.53,0.283125,0.197711241,0.782908012,1.123315521
4,4,81.5,2.7,-2.388945711,0.571981797,1.166463384,-0.07964064,4.61,0.288125,-2.019621811,-1.103675512,1.139193339
8,7,90.2,6.3,0.029002859,-0.041155812,-0.70169418,-0.07964064,4.69,0.293125,0.230458091,-0.582092341,1.154846331
9,3,90.1,6.2,-0.133396672,0.020157949,-1.003009917,-0.07964064,4.88,0.305,0.526867716,-0.913956798,1.191157301
8,2,88.8,9,-0.837127972,1.307746928,0.925410795,-0.07964064,5.23,0.326875,0.33511297,0.160733801,1.255075339
9,7,92.4,8.5,0.877089298,-0.776920943,1.70883171,-0.07964064,5.33,0.333125,0.480279415,2.521327527,1.272678802
10,1,84.9,3,0.010958467,-0.776920943,0.081726734,-0.07964064,5.44,0.34,0.116350513,0.121758356,1.291724245
2,7,86.8,3.9,-1.198015819,0.510668036,-1.003009917,-0.07964064,6.38,0.39875,-2.020972196,-1.285943038,1.442339672
10,1,91.7,11.1,-0.404062557,0.020157949,0.38304247,-0.07964064,6.83,0.426875,0.277046392,0.098831623,1.507771436
8,5,93.9,15.1,0.317713136,-0.654293421,0.624095059,-0.07964064,6.96,0.435,0.202099994,0.853121132,1.525974714
9,2,91,7,-0.259707418,0.08147171,-0.460641591,-0.07964064,7.04,0.44,0.53868359,-0.50414145,1.537029547
3,7,89.3,9.6,-1.360415349,-0.347724617,1.166463384,-0.07964064,7.19,0.449375,-1.718485836,-0.15622828,1.557464031
9,1,90.9,7,0.353801921,-0.163783334,-1.003009917,-0.07964064,7.3,0.45625,0.507962319,-0.743725807,1.572212843
3,6,90.8,7.9,-1.035616288,-0.163783334,-1.786430831,-0.07964064,7.4,0.4625,-1.793432233,-1.724703387,1.585452212
3,7,90.7,5.5,-1.360415349,0.939864363,0.081726734,-0.07964064,8.24,0.515,-1.776214818,-0.749457491,1.690815147
3,5,91.2,12.5,-1.324326565,-0.715607182,0.081726734,-0.07964064,8.31,0.519375,-1.743467969,-0.726530758,1.699158387
8,4,95.2,10.4,0.931222475,-1.022175987,-0.70169418,-0.07964064,8.68,0.5425,0.161926025,-0.195203725,1.742241819
8,2,94.8,17,1.003400044,-1.390058553,0.38304247,-0.07964064,8.71,0.544375,0.313506801,1.104742024,1.745662577
9,3,92.9,9.2,0.949266867,-1.20611727,0.081726734,-0.07964064,9.41,0.588125,0.575143999,0.717853408,1.822615292
8,2,94.8,17,1.003400044,-1.390058553,0.38304247,-0.07964064,10.01,0.625625,0.313506801,1.104742024,1.884562819
8,5,93.9,15.1,0.804911728,-0.5316659,0.925410795,-0.07964064,10.02,0.62625,0.202099994,1.569008363,1.885566427
4,4,81.5,2.7,-2.388945711,0.571981797,1.166463384,-0.07964064,10.93,0.683125,-2.019621811,-1.103675512,1.973279642
9,4,92.9,9.2,0.444023882,-1.819254879,-1.786430831,-0.07964064,11.06,0.69125,0.610591619,-1.513204277,1.98526072
9,2,91,7,-0.927349934,0.878550602,1.467779121,-0.07964064,11.24,0.7025,0.53868359,0.441872862,2.001638414
9,1,63.5,0.8,0.642512198,-0.409038378,-0.159325855,-0.07964064,11.32,0.7075,0.248350699,0.263904099,2.008840225
9,2,91,7,0.462068274,-0.715607182,-1.003009917,-0.07964064,11.53,0.720625,0.53868359,-0.705896698,2.027524739
3,7,90.1,7.2,-1.198015819,0.571981797,-0.159325855,-0.07964064,12.1,0.75625,-1.827191872,-0.788432936,2.07670337
2,7,83.9,2.1,-1.847613942,1.43037445,-1.003009917,-0.07964064,13.05,0.815625,-2.098956961,-1.512917693,2.154097794
10,3,91.4,5.2,0.209446782,-0.470352139,-0.70169418,-0.07964064,13.7,0.85625,0.165977181,-0.504714618,2.204092968
3,6,90.6,7.8,-0.710817226,1.185119406,0.081726734,-0.07964064,13.99,0.874375,-1.728613728,-0.3367763,2.225689309
9,4,92.9,9.2,0.552290236,-0.654293421,-1.244062506,-0.07964064,14.57,0.910625,0.610591619,-0.927712838,2.267656062
8,6,93.5,20.3,0.696645375,-0.838234704,2.010147446,-0.07964064,15.45,0.965625,0.239910789,2.657455002,2.328434465
4,7,81.9,3.5,-1.017571895,1.859570777,-1.244062506,-0.07964064,0,0,-2.19989828,-1.376503632,-0.767252806
4,3,88,3.8,-0.692772834,0.388040514,-0.70169418,-0.07964064,0,0,-2.031775281,-0.891603234,-0.767252806
4,5,83,2.3,-0.422106949,-1.512686074,-0.460641591,-0.07964064,0,0,-1.870066613,-0.58409843,-0.767252806
8,7,94.2,12.9,-0.656684049,1.307746928,0.081726734,-0.07964064,10.13,0.633125,0.167665163,-0.302386201,1.896546396
8,7,91.8,13.8,0.516201451,1.736943255,2.251200035,3.034877247,0,0,0.719972848,2.702162131,-0.767252806
8,7,91.8,13.8,0.606423413,0.571981797,2.251200035,-0.07964064,2.87,0.179375,0.719972848,2.811064112,0.728734995
8,7,91.8,13.8,1.400376675,-0.409038378,1.467779121,-0.07964064,0.76,0.0475,0.719972848,2.77094233,-0.142313035
8,7,91.8,13.8,1.201888359,-0.347724617,0.925410795,-0.07964064,0.09,0.005625,0.719972848,1.909470345,-0.671985596
8,3,92.2,9.6,0.299668744,1.553001972,-1.003009917,-0.07964064,0.75,0.046875,-0.227322606,-0.762640362,-0.14861205
8,3,93.1,13.5,1.743220129,-1.022175987,-0.70169418,-0.07964064,0,0,0.545097921,0.152996029,-0.767252806
8,3,93.1,13.5,0.480112667,-0.286410856,-2.087746567,-0.07964064,2.47,0.154375,0.545097921,-1.818989575,0.608127867
8,3,93.1,13.5,1.400376675,-1.20611727,-0.460641591,-0.07964064,0.68,0.0425,0.545097921,0.313196574,-0.193739707
8,3,93.1,13.5,0.89513369,-0.5316659,-0.460641591,-0.07964064,0.24,0.015,0.545097921,0.064441524,-0.529452749
8,3,93.1,13.5,0.552290236,-0.470352139,-0.159325855,-0.07964064,0.21,0.013125,0.545097921,0.21231895,-0.556526937
8,4,91.9,8,0.42597949,-0.409038378,-0.70169418,-0.07964064,1.52,0.095,0.041066519,-0.41186135,0.254491466
8,4,91.6,6.3,-0.025130318,-0.225097095,-0.460641591,-0.07964064,10.34,0.64625,0.328361042,-0.388648033,1.917210064
8,4,87.5,5,0.588379021,0.08147171,0.081726734,-0.07964064,0,0,0.368872608,0.48858608,-0.767252806
8,6,94.2,11,0.877089298,-0.225097095,-1.003009917,-0.07964064,8.02,0.50125,0.120739266,-0.560885113,1.664175928
8,6,94.2,11,0.42597949,-0.041155812,-0.70169418,-0.07964064,0.68,0.0425,0.120739266,-0.41186135,-0.193739707
8,6,91.8,13.7,0.281624351,0.878550602,-1.786430831,-0.07964064,0,0,0.677435704,-1.536417594,-0.767252806
8,6,91.8,13.7,0.841000513,-0.286410856,-1.244062506,-0.07964064,1.38,0.08625,0.677435704,-0.8451766,0.19130432
8,1,93.6,14.4,1.67104256,-0.776920943,0.081726734,-0.07964064,8.85,0.553125,-0.076417023,1.176388064,1.76148763
8,5,91.6,8.9,-1.414548526,2.411394625,2.251200035,-0.07964064,3.3,0.20625,0.077189332,0.371659743,0.845208315
8,5,91.6,8.9,0.42597949,-0.163783334,-0.460641591,-0.07964064,4.25,0.265625,0.077189332,-0.166545309,1.065875375
8,5,91.1,7.1,0.047047251,-0.347724617,-0.159325855,-0.07964064,1.56,0.0975,0.363471066,-0.076557883,0.271900867
8,5,94.3,13,0.498157059,0.510668036,-0.460641591,-0.07964064,6.54,0.40875,0.639624909,-0.131008873,1.466050481
8,2,93.7,14.6,0.552290236,0.571981797,2.251200035,-0.07964064,0.79,0.049375,-0.033879878,2.745722924,-0.123628521
8,2,94.3,22.7,0.065091644,0.633295558,0.081726734,-0.07964064,0.17,0.010625,0.257465801,0.156148455,-0.593689229
8,2,92.1,14.3,0.841000513,-1.267431031,-0.460641591,-0.07964064,0,0,0.500535198,0.037789197,-0.767252806
8,2,92.1,14.3,0.353801921,-0.776920943,-0.460641591,-0.07964064,0,0,0.500535198,-0.202081745,-0.767252806
8,2,92.1,14.3,0.010958467,0.510668036,-0.70169418,-0.07964064,4.4,0.275,0.500535198,-0.589830114,1.09701755
8,2,92.1,14.3,0.498157059,0.694609319,-0.460641591,-0.07964064,0.52,0.0325,0.500535198,-0.131008873,-0.304379378
8,2,92.1,14.3,0.19140239,0.817236841,0.38304247,-0.07964064,9.27,0.579375,0.500535198,0.5244091,1.807647329
8,2,92.1,14.3,0.209446782,0.142785471,0.081726734,-0.07964064,3.09,0.193125,0.500535198,0.247855386,0.789857169
12,3,84,5.3,-2.515256458,1.001178124,2.492252624,-0.07964064,11.19,0.699375,-0.945727712,-0.898481254,1.99711334
12,4,84.6,2,-2.515256458,1.001178124,0.624095059,-0.07964064,5.38,0.33625,-0.959231568,-1.351570811,1.281376518
2,3,86.9,3.2,-1.847613942,-0.592979661,-0.460641591,-0.07964064,1.1,0.06875,-2.151284401,-1.285943038,0.052939708
7,7,93.9,12.3,0.786867336,-0.286410856,1.467779121,-0.07964064,0,0,-0.273573311,2.157079059,-0.767252806
7,3,91.2,12.5,-1.161927034,2.779277191,2.251200035,0.543262937,0,0,-0.140897932,0.676585289,-0.767252806
7,6,91.6,9,0.552290236,0.265412993,-0.70169418,-0.07964064,0,0,-0.281675624,-0.357696944,-0.767252806
7,6,91.6,9,0.931222475,-0.776920943,-1.244062506,-0.07964064,0,0,-0.281675624,-0.819384026,-0.767252806
7,6,91.6,9,0.949266867,-0.899548465,-1.244062506,-0.07964064,0,0,-0.281675624,-0.814225511,-0.767252806
7,6,91.6,9,-0.061219103,0.510668036,-1.244062506,-0.07964064,0,0,-0.281675624,-1.103102344,-0.767252806
7,6,91.6,9,1.12971079,-0.347724617,-1.786430831,-0.07964064,8,0.5,-0.281675624,-1.415192494,1.661722044
7,5,91.6,6.3,0.696645375,-0.286410856,-1.545378242,-0.07964064,2.64,0.165,-0.324212769,-1.214583582,0.661001684
7,2,92.3,8.5,-0.34992938,1.369060689,-0.159325855,-0.07964064,6.57,0.410625,-0.448448238,-0.303532538,1.470440192
6,7,93.1,11,0.570334628,0.204099232,-1.545378242,-0.07964064,0,0,-0.173307185,-1.240662741,-0.767252806
6,7,90.4,6.4,-0.855172365,0.08147171,-1.244062506,-0.07964064,0.9,0.05625,-0.952817236,-1.330076999,-0.057699963
6,7,90.4,6.4,-0.656684049,0.020157949,-1.003009917,-0.07964064,0,0,-0.952817236,-1.096797492,-0.767252806
6,3,91.2,12.7,0.101180428,-0.102469573,0.624095059,-0.07964064,0,0,-0.464315268,0.684609646,-0.767252806
6,6,53.4,0.4,-1.52281488,2.779277191,-0.70169418,-0.07964064,0,0,-1.207702507,-1.247540761,-0.767252806
6,1,90.4,7.5,0.299668744,-1.20611727,0.624095059,-0.07964064,0,0,-0.915344038,0.839078508,-0.767252806
6,1,90.4,7.5,0.010958467,-0.347724617,0.925410795,-0.07964064,3.52,0.22,-0.915344038,0.888084399,0.900368124
6,5,91.1,7.1,0.029002859,-0.409038378,0.38304247,-0.07964064,0,0,-1.13545688,0.408342515,-0.767252806
5,6,85.1,3.5,-1.396504134,3.024532234,0.624095059,-0.07964064,0,0,-1.757984613,-0.480928133,-0.767252806
9,7,89.6,5.7,-0.007085926,0.449354275,-1.003009917,-0.07964064,0,0,0.458673247,-0.869822838,-0.767252806
9,7,89.6,5.7,-0.34992938,0.510668036,0.925410795,-0.07964064,0.41,0.025625,0.458673247,0.578573506,-0.387423289
9,7,89.6,5.7,0.859044905,-0.592979661,-0.159325855,-0.07964064,5.18,0.32375,0.458673247,0.387708456,1.246167361
9,7,92.4,9.9,-0.548417695,0.020157949,-1.244062506,-0.07964064,0,0,0.679798878,-1.242382246,-0.767252806
9,7,92.4,9.9,1.057533221,-1.083489748,-1.003009917,-0.07964064,0,0,0.679798878,-0.497836598,-0.767252806
9,7,92.4,9.9,1.12971079,-1.083489748,-0.70169418,-0.07964064,0,0,0.679798878,-0.11008823,-0.767252806
9,7,92.4,9.9,1.039488829,-1.022175987,-1.244062506,-0.07964064,14.29,0.893125,0.679798878,-0.788432936,2.247595061
9,7,50.4,0.4,-1.234104603,2.04351206,1.467779121,-0.07964064,0,0,0.304729295,0.134941227,-0.767252806
9,3,92.6,8.8,0.949266867,-1.083489748,0.624095059,-0.07964064,0,0,0.776351444,1.344612966,-0.767252806
9,3,92.6,8.8,0.11922482,-0.225097095,-1.244062506,-0.07964064,1.58,0.09875,0.776351444,-1.051517195,0.280503821
9,3,91.2,7.2,-0.097307887,-0.899548465,-0.70169418,-0.07964064,0,0,0.977896486,-0.636256747,-0.767252806
9,4,92.4,8.6,-0.079263495,-1.267431031,1.166463384,-0.07964064,0,0,0.584259101,1.023925291,-0.767252806
9,4,92.4,8.6,0.029002859,-1.267431031,0.624095059,-0.07964064,3.78,0.23625,0.584259101,0.62843915,0.96219569
9,4,92.8,7.5,0.462068274,-1.083489748,-1.003009917,-0.07964064,0,0,0.810111083,-0.705896698,-0.767252806
9,4,92.8,7.5,0.462068274,-1.022175987,1.467779121,-0.07964064,4.41,0.275625,0.810111083,1.832092622,1.099062831
9,4,92.8,7.5,-0.404062557,-1.022175987,0.081726734,-0.07964064,7.21,0.450625,0.810111083,-0.141899072,1.560160311
9,4,92.8,7.5,-0.404062557,-1.022175987,0.081726734,-0.07964064,1.01,0.063125,0.810111083,-0.141899072,0.004517043
9,4,90.7,6.8,-1.107793857,-0.347724617,-0.70169418,-0.07964064,2.18,0.13625,1.003216214,-1.069571997,0.511649387
9,4,88.1,5.4,-0.963438719,0.694609319,-1.244062506,-0.07964064,4.42,0.27625,0.397230705,-1.361028088,1.101104335
9,6,92.2,8.4,0.931222475,-1.083489748,-0.460641591,-0.07964064,0,0,0.645701643,0.082209741,-0.767252806
9,6,92.2,8.4,0.913178082,-1.083489748,-0.460641591,-0.07964064,0,0,0.645701643,0.073325633,-0.767252806
9,6,92.2,8.4,0.389890705,-0.776920943,-1.003009917,-0.07964064,0,0,0.645701643,-0.731116104,-0.767252806
9,6,92.2,8.4,0.11922482,-0.592979661,-1.244062506,-0.07964064,0,0,0.645701643,-1.051517195,-0.767252806
9,6,92.2,8.4,0.804911728,-1.083489748,0.081726734,-0.07964064,3.33,0.208125,0.645701643,0.626146477,0.852894145
9,6,92.2,8.4,0.931222475,-1.083489748,-0.460641591,-0.07964064,6.58,0.41125,0.645701643,0.082209741,1.471899564
9,6,91.2,8.5,0.444023882,-1.022175987,0.38304247,-0.07964064,15.64,0.9775,0.868177661,0.704957121,2.341129683
9,6,91.2,8.5,-0.34992938,-0.225097095,-1.003009917,-0.07964064,11.22,0.70125,0.868177661,-0.989615017,1.999830606
9,1,92.1,9.5,-0.169485457,0.571981797,-0.460641591,-0.07964064,2.13,0.133125,0.49378327,-0.459720905,0.494129621
9,1,91.6,6.2,-0.187529849,0.388040514,0.925410795,-0.07964064,0,0,0.708494571,0.717853408,-0.767252806
9,1,91.6,6.2,-1.667170019,2.534022147,-1.244062506,-0.07964064,0,0,0.708494571,-1.562210168,-0.767252806
9,1,91.6,6.2,0.047047251,-0.041155812,-1.003009917,-0.07964064,0,0,0.708494571,-0.850908283,-0.767252806
9,1,91.6,6.2,0.66055659,-0.592979661,-1.003009917,-0.07964064,7.48,0.4675,0.708494571,-0.636543332,1.595930718
9,1,91.6,6.2,0.245535567,-0.225097095,-1.244062506,-0.07964064,1.47,0.091875,0.708494571,-1.015407591,0.232336935
9,1,91.6,6.2,0.047047251,-0.041155812,-1.003009917,-0.07964064,3.93,0.245625,0.708494571,-0.850908283,0.996353117
9,1,91.9,6.5,-0.602550872,0.388040514,-1.003009917,-0.07964064,0,0,0.740903824,-1.077882938,-0.767252806
9,1,91.5,7.5,0.281624351,-0.470352139,-1.244062506,-0.07964064,0,0,0.927257028,-1.005090561,-0.767252806
9,1,91.5,7.5,-0.566462088,0.388040514,0.38304247,-0.07964064,2.18,0.13625,0.927257028,-0.017234962,0.511649387
9,1,91.5,7.5,-1.234104603,1.307746928,0.624095059,-0.07964064,6.1,0.38125,0.927257028,-0.354544518,1.3995812
9,1,91.5,7.5,-0.404062557,-0.102469573,-0.460641591,-0.07964064,5.83,0.364375,0.927257028,-0.575214321,1.356721848
9,5,92.1,9.6,-1.613036842,1.859570777,-0.159325855,-0.07964064,0,0,0.613629987,-1.025724621,-0.767252806
9,5,92.1,9.6,-0.295796203,0.75592308,0.38304247,-0.07964064,0,0,0.613629987,0.176209346,-0.767252806
9,5,92.1,9.6,-1.125838249,1.185119406,-0.159325855,-0.07964064,1.64,0.1025,0.613629987,-0.747164817,0.305918138
9,5,92.1,9.6,-1.613036842,1.859570777,-0.159325855,-0.07964064,3.71,0.231875,0.613629987,-1.025724621,0.945887031
9,5,92.1,9.6,-0.656684049,0.510668036,1.467779121,-0.07964064,7.31,0.456875,0.613629987,0.712694893,1.573543938
9,5,92.1,9.6,0.281624351,-0.102469573,-0.159325855,-0.07964064,2.03,0.126875,0.613629987,0.057563504,0.458234452
9,5,92.1,9.6,0.137269213,0.142785471,-0.70169418,-0.07964064,1.72,0.1075,0.613629987,-0.535665707,0.338919816
9,5,92.1,9.6,-0.061219103,0.326726753,-1.003009917,-0.07964064,5.97,0.373125,0.613629987,-0.888737392,1.379152526
9,5,92.1,9.6,0.317713136,-0.592979661,0.624095059,-0.07964064,13.06,0.81625,0.613629987,0.853121132,2.154884328
9,5,92.1,9.6,0.317713136,-0.592979661,0.624095059,-0.07964064,1.26,0.07875,0.613629987,0.853121132,0.134111872
9,5,92.5,10.2,-0.566462088,0.633295558,-0.159325855,-0.07964064,0,0,0.84116995,-0.427336895,-0.767252806
9,5,92.5,10.2,0.11922482,-0.347724617,-0.70169418,-0.07964064,0,0,0.84116995,-0.54340348,-0.767252806
9,5,92.5,10.2,0.371846313,-0.347724617,-1.003009917,-0.07964064,8.12,0.5075,0.84116995,-0.737420956,1.676364299
9,5,92.5,10.2,-0.11535228,-0.163783334,-1.003009917,-0.07964064,1.09,0.068125,0.84116995,-0.907651947,0.047662972
9,5,92.5,10.2,-0.313840595,0.020157949,0.081726734,-0.07964064,3.94,0.24625,0.84116995,-0.08458224,0.998593187
9,5,88.2,11.6,-0.692772834,1.185119406,-0.460641591,-0.07964064,0.52,0.0325,0.421875241,-0.717360065,-0.304379378
9,2,91.9,6.5,-0.566462088,0.510668036,-1.003009917,-0.07964064,2.93,0.183125,0.740903824,-1.065273235,0.745742624
9,2,91.9,6.5,0.371846313,-0.592979661,-0.70169418,-0.07964064,5.65,0.353125,0.740903824,-0.435074667,1.327197046
9,2,91.1,12.5,-0.566462088,-0.409038378,0.925410795,-0.07964064,1.75,0.109375,0.951563968,0.392866971,0.351045796
9,2,91.1,12.5,-0.476240126,-1.083489748,-0.159325855,-0.07964064,0,0,0.951563968,-0.375751746,-0.767252806
9,6,91.2,8.4,-0.404062557,0.142785471,0.624095059,-0.07964064,12.64,0.79,0.594724589,0.291416178,2.121358357
9,7,91,7.1,-0.945394326,1.982198299,2.251200035,-0.07964064,0,0,1.481590291,0.937950043,-0.767252806
9,7,91,7.1,-0.945394326,1.982198299,2.251200035,-0.07964064,11.06,0.69125,1.481590291,0.937950043,1.98526072
7,3,91.9,8,-0.873216757,0.817236841,0.081726734,-0.07964064,0,0,-0.028478336,-0.439946598,-0.767252806
8,7,92,8.1,-1.558903665,1.859570777,-1.786430831,-0.07964064,0,0,0.692627541,-1.799501853,-0.767252806
8,4,94.8,13.9,0.227491174,-0.163783334,-0.70169418,-0.07964064,0,0,0.872566414,-0.496976846,-0.767252806
8,1,92.1,8.2,0.371846313,0.571981797,-1.003009917,-0.07964064,0,0,0.732801511,-0.737420956,-0.767252806
3,4,90.9,8,-1.865658334,0.388040514,1.166463384,-0.07964064,0,0,-2.069586076,-0.621640955,-0.767252806
1,7,18.7,0,-2.497212065,3.3924148,-1.786430831,-0.07964064,0,0,-1.654342523,-1.933623239,-0.767252806
7,3,93.7,11.9,0.047047251,-0.347724617,2.010147446,-0.07964064,7.73,0.483125,-0.345818937,1.91462886,1.628050179
8,3,95.2,18,1.652998167,-0.960862226,-1.244062506,-0.07964064,5.86,0.36625,0.827666095,-0.61304343,1.361566884
8,6,91.6,7.7,0.407935098,-0.041155812,0.38304247,-0.07964064,12.18,0.76125,1.452894598,0.679164547,2.083433826
8,7,91.6,7.6,0.335757528,0.326726753,-1.003009917,-0.07964064,16,1,0.444831795,-0.750030659,2.36479115
3,4,90.9,8,-1.342370957,0.204099232,0.925410795,-0.07964064,0,0,-2.069586076,-0.272581448,-0.767252806
8,5,94.8,12,0.768822944,-0.654293421,-0.460641591,-0.07964064,0,0,0.915441155,0.002252761,-0.767252806
2,1,84.7,4.1,-2.082191042,1.614315733,1.467779121,-0.07964064,9.96,0.6225,-2.007805937,-0.713634471,1.879531067
3,2,93.4,11.4,-0.692772834,-1.573999835,2.251200035,-0.07964064,0,0,-2.099632154,1.242875589,-0.767252806
2,1,84.1,2.2,-2.479167673,1.43037445,-1.244062506,-0.07964064,0,0,-2.063509341,-1.794343338,-0.767252806
9,7,90.5,11.4,0.245535567,0.633295558,0.624095059,-0.07964064,3.64,0.2275,0.623420282,0.796950636,0.929334168
8,7,91.6,7.6,0.949266867,-0.715607182,-0.159325855,-0.07964064,3.63,0.226875,0.444831795,0.439293605,0.92694911
8,6,93.7,8.4,1.237977144,-0.776920943,-0.460641591,-0.07964064,0,0,0.957640703,0.233239594,-0.767252806
6,3,93.3,14,1.616909383,-0.654293421,0.38304247,-0.07964064,0,0,-1.06456164,1.543215789,-0.767252806
6,3,93.3,14,1.616909383,-0.654293421,0.38304247,-0.07964064,8.16,0.51,-1.06456164,1.543215789,1.681202268
9,4,91.1,8.3,0.678600982,0.08147171,0.081726734,-0.07964064,4.95,0.309375,0.531256469,0.545902912,1.204239987
8,5,94.8,12,1.075577613,-0.5316659,0.081726734,-0.07964064,0,0,0.915441155,0.798096973,-0.767252806
8,4,90.7,6.8,0.407935098,-0.225097095,-0.159325855,-0.07964064,0,0,0.589323047,0.129782712,-0.767252806
9,3,87.9,3.7,0.498157059,-0.654293421,-1.003009917,-0.07964064,6.04,0.3775,0.497496831,-0.693286995,1.390199469
8,2,94.6,9.5,1.59886499,-1.083489748,-1.003009917,-0.07964064,0,0,0.778039426,-0.308691053,-0.767252806
9,6,87.1,4,-0.367973772,1.369060689,0.624095059,-0.07964064,3.95,0.246875,1.652076465,0.319501426,1.000828727
2,6,84.7,2.9,-0.873216757,0.08147171,0.081726734,-0.07964064,0,0,-2.023335371,-0.439946598,-0.767252806
9,5,90.3,7.4,0.155313605,-0.041155812,-0.460641591,-0.07964064,7.8,0.4875,1.629795104,-0.299806944,1.636878884
7,2,92.3,12.1,0.786867336,-0.838234704,0.925410795,-0.07964064,0,0,-0.392069642,1.553532818,-0.767252806
2,5,84.1,2.7,-0.782994795,-0.163783334,-0.70169418,-0.07964064,0,0,-2.033800859,-0.930292095,-0.767252806
7,1,92.3,9.8,0.678600982,-1.083489748,0.38304247,-0.07964064,1.63,0.101875,-0.433256401,0.872608855,0.301722786
8,6,93.7,8.4,1.328199106,-0.715607182,-0.159325855,-0.07964064,0,0,0.957640703,0.65595123,-0.767252806
8,7,93.6,10.1,0.913178082,0.326726753,0.081726734,-0.07964064,0,0,0.998152269,0.694926675,-0.767252806
7,2,92.7,8.9,1.310154713,-0.347724617,-0.460641591,-0.07964064,7.02,0.43875,0.261179362,0.26877603,1.534276186
3,3,93.4,9.9,-0.945394326,-1.267431031,1.166463384,-0.07964064,0,0,-2.082752335,0.22607499,-0.767252806
8,7,92,8.1,1.057533221,-0.163783334,0.925410795,-0.07964064,2.44,0.1525,0.692627541,1.785665988,0.5985289
8,7,91.6,7.6,1.039488829,-0.5316659,0.081726734,-0.07964064,3.05,0.190625,0.444831795,0.77517024,0.778992471
8,3,95.2,18,2.122152368,-1.573999835,0.38304247,-0.07964064,0,0,0.827666095,1.90431183,-0.767252806
7,7,88.9,5.2,1.851486483,-1.083489748,-0.159325855,-0.07964064,6.3,0.39375,1.338449424,0.955145093,1.430290789
9,6,91.2,8.4,0.588379021,0.204099232,0.081726734,-0.07964064,0.72,0.045,0.594724589,0.48858608,-0.167727352
8,6,93.7,8.4,1.418421067,-0.838234704,-0.159325855,-0.07964064,4.96,0.31,0.957640703,0.707536378,1.206096368
8,4,91.6,6.3,0.245535567,0.694609319,-1.003009917,-0.07964064,0,0,1.146694678,-0.781554916,-0.767252806
8,4,91.6,6.3,0.245535567,0.694609319,-1.003009917,-0.07964064,0,0,1.146694678,-0.781554916,-0.767252806
8,1,92.1,8.2,1.59886499,-0.715607182,-1.003009917,-0.07964064,2.35,0.146875,0.732801511,-0.308691053,0.569221537
8,4,94.8,13.9,1.292110321,-0.654293421,1.166463384,-0.07964064,0,0,0.872566414,2.287188268,-0.767252806
8,7,91.6,7.6,1.003400044,-0.041155812,0.081726734,-0.07964064,3.2,0.2,0.444831795,0.752243507,0.81919596
9,4,89.7,6.8,0.065091644,0.020157949,-0.159325855,-0.07964064,0,0,1.600086622,-0.066240853,-0.767252806
8,6,92.1,9.6,0.768822944,-0.286410856,0.081726734,-0.07964064,6.36,0.3975,0.407696192,0.603219744,1.439339741
8,4,94.8,13.9,0.877089298,-0.409038378,1.70883171,-0.07964064,0,0,0.872566414,2.521327527,-0.767252806
8,7,93.6,10.1,0.335757528,1.307746928,0.624095059,-0.07964064,15.34,0.95875,0.998152269,0.867163755,2.321017411
8,5,90.6,5.5,0.570334628,0.020157949,-0.159325855,-0.07964064,0,0,1.412720629,0.22263598,-0.767252806
7,6,90.8,5.6,0.859044905,0.388040514,-1.244062506,-0.07964064,0,0,-0.679364165,-0.840018085,-0.767252806
8,1,92.1,8.2,1.400376675,-0.592979661,-1.545378242,-0.07964064,0.54,0.03375,0.732801511,-1.069285413,-0.28992853
8,6,89.4,9.7,-0.873216757,1.736943255,-0.70169418,-0.07964064,0,0,1.213538762,-0.968980957,-0.767252806
8,6,93.7,8.4,0.822956121,0.510668036,0.081726734,-0.07964064,6.43,0.401875,0.957640703,0.637609843,1.449804077
9,5,91.1,7.2,0.010958467,0.08147171,-1.003009917,-0.07964064,0.33,0.020625,0.563328126,-0.863517986,-0.451994873
9,5,90.3,7.4,-0.512328911,0.817236841,-0.159325855,-0.07964064,0,0,1.629795104,-0.396385806,-0.767252806
8,1,92.1,8.2,1.165799575,-0.960862226,-1.244062506,-0.07964064,1.23,0.076875,0.732801511,-0.752323332,0.11933917
4,1,87.9,3.7,-1.468681703,1.185119406,-0.460641591,-0.07964064,3.35,0.209375,-2.01219469,-1.09937675,0.857988505
7,5,90.7,16.8,-0.764950403,2.04351206,2.492252624,-0.07964064,0,0,-0.720213328,1.325411827,-0.767252806
9,5,90.3,7.4,-0.512328911,0.817236841,-0.159325855,-0.07964064,9.96,0.6225,1.629795104,-0.396385806,1.879531067
8,7,94,10.7,-0.313840595,2.166139581,0.38304247,-0.07964064,0,0,-1.735028059,0.163313059,-0.767252806
8,7,92,8.1,0.010958467,1.553001972,-1.003009917,-0.07964064,0,0,0.692627541,-0.863517986,-0.767252806
3,3,93.4,9.9,-1.82956955,-0.592979661,2.492252624,-0.07964064,0,0,-2.082752335,-0.027265408,-0.767252806
9,3,89.7,10.1,-1.540859273,1.982198299,0.081726734,-0.07964064,0,0,1.574429297,-0.864091155,-0.767252806
8,7,91.6,7.6,0.047047251,1.001178124,0.624095059,-0.07964064,0,0,0.444831795,0.642481774,-0.767252806
8,3,95.2,18,0.786867336,0.265412993,0.925410795,-0.07964064,6.43,0.401875,0.827666095,1.553532818,1.449804077
8,5,90.5,16.3,-1.306282173,2.656649669,0.624095059,-0.07964064,9.71,0.606875,0.6217323,-0.410715014,1.854022919
8,1,91.5,7.5,-0.241663026,1.246433167,0.081726734,-0.07964064,0,0,1.033937485,-0.038728774,-0.767252806
8,4,89.4,5.6,-0.295796203,0.571981797,-0.460641591,-0.07964064,0,0,1.373897044,-0.521909668,-0.767252806
8,4,91.6,6.3,-0.404062557,0.694609319,-0.460641591,-0.07964064,0,0,1.146694678,-0.575214321,-0.767252806
7,1,94.6,16.7,-0.205574241,0.204099232,-0.70169418,-0.07964064,0,0,0.218304621,-0.682683381,-0.767252806
8,4,91.6,6.3,-0.440151341,0.878550602,-0.70169418,-0.07964064,0,0,1.146694678,-0.783274421,-0.767252806
8,6,93.7,8.4,-0.025130318,1.185119406,0.624095059,-0.07964064,3.32,0.2075,0.957640703,0.586311279,0.850338135
8,6,91.6,7.7,-0.638639657,1.675629494,2.492252624,-0.07964064,1.94,0.12125,1.452894598,1.485898957,0.424901049
8,6,93.7,8.4,-0.025130318,1.185119406,0.624095059,-0.07964064,0,0,0.957640703,0.586311279,-0.767252806
8,6,93.7,8.4,-0.025130318,1.185119406,0.624095059,-0.07964064,0,0,0.957640703,0.586311279,-0.767252806
9,7,91,7.1,-0.81908358,1.920884538,2.251200035,-0.07964064,3.71,0.231875,1.481590291,1.090412816,0.945887031
2,2,75.1,1.9,-2.605478419,2.288767103,1.467779121,-0.07964064,5.39,0.336875,-2.167151431,-1.237223731,1.28310788
2,2,75.1,1.9,-2.515256458,1.982198299,0.925410795,-0.07964064,2.14,0.13375,-2.167151431,-1.27849185,0.497655857
2,6,79.5,1.8,-2.605478419,0.878550602,-1.786430831,-0.07964064,6.84,0.4275,-2.172890569,-1.949098784,1.50918238
3,1,87.2,7.1,-1.59499245,0.020157949,1.166463384,-0.07964064,3.18,0.19875,-2.061146166,-0.372312736,0.813919224
3,3,90.2,7.3,-1.414548526,-0.225097095,0.925410795,-0.07964064,5.55,0.346875,-2.035488841,-0.334483627,1.310447118
3,4,91.3,8.5,-1.035616288,-1.083489748,-0.159325855,-0.07964064,6.61,0.413125,-2.020297004,-0.695579669,1.476266156
4,7,91,12.3,-0.259707418,-1.083489748,1.166463384,-0.07964064,0,0,-2.10098254,0.857706478,-0.767252806
6,1,88.2,4.7,-0.855172365,2.10482582,0.081726734,-0.07964064,1.94,0.12125,-1.138832844,-0.428483231,0.424901049
6,4,93,10.8,1.328199106,-0.592979661,-0.70169418,-0.07964064,10.08,0.63,-0.81710349,-0.024972734,1.891569016
7,4,93.5,9.9,1.472554244,-1.022175987,-1.545378242,-0.07964064,1.76,0.11,-0.615220852,-1.054383037,0.35505841
7,7,93.7,14.7,1.274065929,0.020157949,0.081726734,-0.07964064,7.36,0.46,-0.465328057,0.924194003,1.580175476
7,7,93.7,14.7,-0.151441064,2.288767103,0.38304247,-0.07964064,2.21,0.138125,-0.465328057,0.279379644,0.522029502
7,4,93.2,9.5,2.013886014,-1.20611727,0.38304247,-0.07964064,2.75,0.171875,0.04005373,1.826934107,0.693914034
7,4,93.2,9.5,2.013886014,-1.390058553,0.624095059,-0.07964064,0,0,0.04005373,2.173127772,-0.767252806
8,7,94.9,14.1,0.786867336,-0.286410856,1.166463384,-0.07964064,1.29,0.080625,0.185220175,1.821775592,0.148689764
8,7,94.9,14.1,2.158241152,-1.083489748,0.925410795,-0.07964064,0,0,0.185220175,2.729674211,-0.767252806
8,1,95,21.3,2.086063583,-1.022175987,-0.159325855,-0.07964064,2.07,0.129375,0.233834055,1.089266479,0.472732681
8,2,95.1,17.7,0.913178082,-0.102469573,1.467779121,-0.07964064,2,0.125,0.285486301,2.283462674,0.447234619
8,3,95.1,17.7,0.281624351,0.817236841,-1.545378242,-0.07964064,0,0,0.285486301,-1.300272246,-0.767252806
8,3,95.1,17.7,1.743220129,-0.715607182,0.081726734,-0.07964064,0,0,0.285486301,1.22224153,-0.767252806
8,4,95.8,13.8,2.410862645,-1.451372314,0.38304247,-0.07964064,0,0,0.383389253,2.110652425,-0.767252806
8,5,95.9,11.3,2.410862645,-1.083489748,-1.003009917,-0.07964064,0,0,0.435716692,-0.024972734,-0.767252806
8,6,96,14,2.122152368,-0.899548465,0.624095059,-0.07964064,8.59,0.536875,0.487706536,2.257383515,1.731915572
8,1,96.2,16.8,0.877089298,-0.163783334,-1.003009917,-0.07964064,0,0,0.58999824,-0.560885113,-0.767252806
8,1,96.2,16.8,2.446951429,-1.144803509,-0.460641591,-0.07964064,2.77,0.173125,0.58999824,0.828474894,0.699794229
8,2,96.1,14.3,2.392818252,-1.083489748,-1.003009917,-0.07964064,14.68,0.9175,0.640637698,-0.031277586,2.275438632
8,2,96.1,14.3,1.490598636,1.123805646,0.624095059,19.85327384,10.82,0.67625,0.640637698,1.765891681,1.963039387
8,2,96.1,14.3,0.462068274,1.246433167,0.624095059,2.41197367,0,0,0.640637698,0.965462122,-0.767252806
8,2,96.1,14.3,0.462068274,1.246433167,0.624095059,2.41197367,0,0,0.640637698,0.965462122,-0.767252806
8,2,96.1,14.3,0.299668744,1.491688211,0.624095059,1.166166515,0,0,0.640637698,0.839078508,-0.767252806
8,3,94.5,20,1.83344209,-0.899548465,0.624095059,-0.07964064,1.95,0.121875,0.560289758,2.032701534,0.428654785
8,4,91,10.1,1.382332283,-0.592979661,-1.244062506,-0.07964064,5.8,0.3625,0.827328498,-0.690421154,1.351855483
8,5,91,7.1,1.237977144,-0.225097095,-0.159325855,-0.07964064,0,0,0.867502468,0.604366081,-0.767252806
8,5,91,7.1,1.237977144,-0.225097095,-0.159325855,-0.07964064,0,0,0.867502468,0.604366081,-0.767252806
8,5,91,7.1,0.371846313,1.614315733,2.251200035,4.280684402,2.17,0.135625,0.867502468,2.527918962,0.508167576
8,5,91,7.1,-0.151441064,1.062491885,0.925410795,-0.07964064,0.43,0.026875,0.867502468,0.748804497,-0.371852974
8,7,81.6,1.9,1.580820598,-0.592979661,-0.70169418,-0.07964064,0,0,0.201762398,0.083356078,-0.767252806
8,7,81.6,1.9,1.580820598,-0.776920943,-0.70169418,-0.07964064,6.44,0.4025,0.201762398,0.083356078,1.451290928
8,7,81.6,1.9,0.389890705,1.553001972,1.70883171,-0.07964064,11.16,0.6975,0.201762398,2.002896781,1.994389378
8,6,94.4,11.3,1.183843967,-0.163783334,0.081726734,-0.07964064,0,0,0.33139941,0.866877171,-0.767252806
11,2,79.5,1.1,-1.306282173,-0.838234704,0.38304247,-0.07964064,0,0,-1.866353052,-0.545982737,-0.767252806
